-- ==============================================
-- ふたりの旅路 - 初期データ投入
-- ==============================================

-- マイルストーン用の固定UUID
-- WITH句で生成してタスクと紐付ける
DO $$
DECLARE
  ms1_id UUID := 'a0000000-0000-0000-0000-000000000001';
  ms2_id UUID := 'a0000000-0000-0000-0000-000000000002';
  ms3_id UUID := 'a0000000-0000-0000-0000-000000000003';
  ms4_id UUID := 'a0000000-0000-0000-0000-000000000004';
  ms5_id UUID := 'a0000000-0000-0000-0000-000000000005';
BEGIN

-- ==============================================
-- マイルストーン投入
-- ==============================================

INSERT INTO milestones (id, title, subtitle, description, deadline, reward, reward_emoji, savings_goal, sort_order) VALUES
  (ms1_id, '冒険の始まり', 'Chapter 1', '最初の一歩を踏み出そう！まずは計画を立てて、少しずつ貯金を始めよう。', '2026-05-31', '2人でちょっといいランチ', '🍽️', 100000, 1),
  (ms2_id, '最初の試練', 'Chapter 2', '貯金のペースをつかもう。生活費の見直しや節約術を実践！', '2026-08-31', '日帰り旅行（江ノ島・鎌倉など）', '🏖️', 300000, 2),
  (ms3_id, '仲間が増える', 'Chapter 3', '周りの人にも報告しながら、着実に準備を進めよう。', '2026-12-31', 'クリスマス〜年末に1泊旅行', '🎄', 600000, 3),
  (ms4_id, '黄金郷への地図', 'Chapter 4', 'いよいよ物件探し本格化！理想の住まいを見つけよう。', '2027-03-31', '新居に置く家具を1つ一緒に選ぶ', '🛋️', 800000, 4),
  (ms5_id, '旅立ちの日', 'Chapter 5', '全ての準備が整った。新しい生活の始まり！', '2027-06-30', '新生活そのもの！', '🏠', 1000000, 5);

-- ==============================================
-- タスク投入
-- ==============================================

-- MS1: 冒険の始まり
INSERT INTO tasks (milestone_id, title, assignee, sort_order) VALUES
  (ms1_id, '月の貯金目標額を決める', '2人で', 1),
  (ms1_id, '家計簿アプリを入れる', '各自', 2),
  (ms1_id, '固定費を洗い出す', '各自', 3),
  (ms1_id, '同棲の初期費用を調べる', '2人で', 4),
  (ms1_id, '希望エリアをざっくり話し合う', '2人で', 5);

-- MS2: 最初の試練
INSERT INTO tasks (milestone_id, title, assignee, sort_order) VALUES
  (ms2_id, '不要なサブスクを解約', '各自', 1),
  (ms2_id, '自炊の回数を増やす', '各自', 2),
  (ms2_id, '先取り貯金を設定する', '各自', 3),
  (ms2_id, '引越し費用の相場を調べる', '2人で', 4),
  (ms2_id, '必要な家具・家電リストを作る', '2人で', 5);

-- MS3: 仲間が増える
INSERT INTO tasks (milestone_id, title, assignee, sort_order) VALUES
  (ms3_id, '親に同棲の意思を伝える', '各自', 1),
  (ms3_id, '友人に報告する', '各自', 2),
  (ms3_id, '家具・家電の予算を決める', '2人で', 3),
  (ms3_id, '希望エリアを3つに絞る', '2人で', 4),
  (ms3_id, '実際にエリアを下見する', '2人で', 5);

-- MS4: 黄金郷への地図
INSERT INTO tasks (milestone_id, title, assignee, sort_order) VALUES
  (ms4_id, '不動産サイトで物件検索開始', '2人で', 1),
  (ms4_id, '内見に行く（3件以上）', '2人で', 2),
  (ms4_id, '初期費用を細かく計算', '2人で', 3),
  (ms4_id, '引越し業者を比較する', '2人で', 4),
  (ms4_id, '生活ルールを話し合う', '2人で', 5);

-- MS5: 旅立ちの日
INSERT INTO tasks (milestone_id, title, assignee, sort_order) VALUES
  (ms5_id, '物件を決定・契約する', '2人で', 1),
  (ms5_id, '引越し日を決める', '2人で', 2),
  (ms5_id, '転居届・住所変更手続き', '各自', 3),
  (ms5_id, 'ライフライン（電気・ガス・水道・ネット）契約', '2人で', 4),
  (ms5_id, '引越し・新生活スタート！', '2人で', 5);

-- ==============================================
-- 設定データ投入
-- ==============================================

INSERT INTO settings (key, value) VALUES
  ('move_in_date', '"2027-07-15"'),
  ('frieren_date', '"2027-10-01"'),
  ('message_shingo', '""'),
  ('message_airi', '""');

END $$;
